17921,"MLTK8, MLTMM",3G Telecom,Malta,278 77
19175,IDN89,3 Hutchison,Indonesia,510 89
17911,"IRLDF, IRLH3, IRLK6, IRLK8",3 Ireland (Hutchison),Ireland,"272 05, 272 02"
84402,MACHT,3 Macau (Hutchison - T-Systems),Macau,"455 03, 455 05"
196002,"NGAEM, NGAK6",9 Mobile (EMTS Etisalat),Nigeria,621 60
13275,BGR01, A1 Bulgaria EAD (Mobitel),Bulgaria,284 01
13925,"MKDK9, MKDNO", A1 Makedonija DOOEL Skopje (Vip/Mobilkom),Macedonia,294 03
1404,"A00PT, AUTMK, AUTON, AUTPT, AAZA1",A1 (Mobilkom Austria),Austria,"232 09, 232 08, 232 01, 232 12, 232 22, 232 15, 232 11, 232 20, 901 76"
13357,SVNSM,A1 Slovenija (SiMobil),Slovenia,293 40
13923,HRVVI,A1 (VipNet),Croatia,219 10
89802,CAFAT,A-Cell,Central African Republic,623 01
151702,USAAC,Advantage Cellular,United States,310 880
19161,NORAM,AeroMobile,Norway,901 14
155601,AFGAT,Afghan Telecom,Afghanistan,412 80
18759,"GMBAC, GMBK8 ",Africell,Gambia,607 02
141601,BDI02,Africell Burundi,Burundi,642 02
596502,"CODAC, CODK9",Africell RDC,"Congo, The Democratic Republic of the",630 90
132101,"SLEAC, SLEK9",Africell Sierra Leone,Sierra Leone,619 05
176301,"CGEUR, CGMVN, NLDMS",AGMS,Netherlands,204 65
11987,USAAE,Airadigm Communications,United States,310 640
139,"IND01, IND02, IND03, IND04, IND05, IND06, IND08, IND09, IND17, IND18, IND19, IND20, IND21, IND22, IND23, IND24, IND25, IND26, IND27, IND28, IND29, INDAC, INDRC",Aircel Cellular,India,"404 33, 404 29, 404 41, 404 91, 404 17, 404 42, 404 25, 404 37, 404 28, 404 35, 405 806, 405 802, 405 812, 405 807, 405 804, 405 801, 405 803, 405 809, 405 805, 405 808, 405 810, 405 800, 405 811"
323802,"RWAAR, RWAK8",Airtel,Rwanda,635 14
18375,"IND10, IND11, IND12, IND13, IND14, IND15, IND16, INDA1, INDA2, INDA3, INDA4, INDA5, INDA6, INDA7, INDA8, INDA9, INDAT, INDBL, INDH1, INDJB, INDJH, INDMT, INDSC",Airtel (Bharti),India,"404 31, 404 97, 404 02, 404 45, 404 10, 404 40, 404 49, 404 92, 404 94, 404 95, 404 70, 404 96, 404 03, 404 93, 404 90, 404 98, 404 16, 405 56, 405 52, 405 54, 405 55, 405 53, 405 51"
18811,"CODCT, CODK7",Airtel Congo (Celtel),"Congo, The Democratic Republic of the",630 02
191302,"COGCT, COGK9, COGWC",Airtel Congo (Warid),Congo,"629 01, 629 07"
87802,GBRAJ,Airtel Jersey (Vodafone),Jersey,"234 28, 234 03"
19019,"MDGCO, MDGK7",Airtel Madagsacar (Zain),Madagascar,646 01
14249,"NGAET, NGAK9, NGAVM",Airtel Nigeria (Celtel - Zain),Nigeria,621 20
19179,"SYCAT, SYCK8",Airtel (Seychelles),Seychelles,633 10
136102,"GHAK7, GHAK8, GHAMT, GHAZN",Airteltigo Ghana,Ghana,"620 06, 620 03"
18641,BGDWT,Airtel (Warid),Bangladesh,470 07
18943,"KENK7, KENKC, KENKE",Airtel (Zain),Kenya,639 03
18809,"GABCT, GABK7",Airtel (Zain) Gabon,Gabon,628 03
18715,THAAS,AIS,Thailand,520 01
16766,"FINAM, FINK4",Alands Mobiltelefon,Finland,244 14
153902,"USACS, USAGC, USAKV",Alaska Wireless Network (GCI),United States,311 370
177702,"ECUAL, ECUK9",Alegro (Telecsa),Ecuador,740 02
18471,LBNFL,Alfa (MIC 1),Lebanon,415 01
90302,"KGZK7, KGZMC",Alfa Telecom,Kyrgyzstan,437 05
153701,"BRAC3, BRAC4, BRACT",Algar Telecom (CTBC),Brazil,"724 32, 724 34, 724 33"
18545,"SAUAJ, SAUVG",Al Jawal,Saudi Arabia,"420 05, 420 01"
84202,LBY01,Al Madar,Libya,606 01
12193,LIETG,AlpCom (Tango Tele2),Liechtenstein,295 77
498302,"KAZAL, KAZK7",Altel,Kazakhstan,401 07
18325,DOM01,Altice Dominicana (Orange),Dominican Republic,"370 03, 370 01"
19109,BRAAC,Amazônia Celular,Brazil,724 24
145,"ESPK5, ESPOR, ESPRT",Amena (Orange),Spain,214 03
90002,,A-Mobile,Georgia,289 88
85202,PRYHT,AMX Paraguay (Claro),Paraguay,744 02
17619,ANDMA,Andorra Telecom (Mobiland),Andorra,213 03
19155,"URYAN, URYK9",Antel,Uruguay,748 01
90102,"ATG03, ATGK8",APUA (Antigua Public Utilities Authority),Antigua and Barbuda,344 03
18465,AFGAR,Areeba (MTN) Afghanistan,Afghanistan,412 40
18537,IRQAC,Asiacell,Iraq,418 05
168301,TWNGT,Asia Pacific,Taiwan,466 05
166001,USAAP,Aspenta,United States,"312 210, 724 17"
153702,USAAS,ASTAC (Arctic Slope),United States,"310 710, 311 561"
182501,"KIRK9, KIRKL",Athkl,Kiribati,545 01
1594501,"MEXAL, MEXK7",Atlan Redes,Mexico,334 140
136202,"CIV02, CIVK9",Atlantique Telecom (Moov),Ivory Coast,612 02
131,"ATTCM, ATTTO, CG001, CG002, CG003, CG004, CG005, CG006, CG007, CG008, CG009, CG010, CG011, CG012, CG013, CG014, CG015, CG016, CG017, CG018, CG019, CG020, CG021, CG022, CG023, CG024, CG028, CG031, CG032, CG033, CG034, CG035, CG038, CG039, CG040, CG041, CG042, CG043, CG061, CG901, CG902, CG903, CG904, CG905, CG906, CG907, CG908, CG909, CG910, CG911, CG912, CG913, CG914, CG915, CG916, CG917, CG918, CG920, CG921, CG922, CG923, CG924, CG925, CG926, CG927, CG928, CG931, CG932, CG933, CG934, CGALH, CGARK, CGAUS, CGBOS, CGCEN, CGCIP, CGCOR, CGDLS, CGDOB, CGEOD, CGFLP, CGGAC, CGGLF, CGGLR, CGGPL, CGHCL, CGILL, CGIND, CGJAS, CGLAR, CGMNY, CGMTZ, CGMWR, CGNBI, CGNCA, CGNWS, CGNYR, CGOKC, CGOSU, CGPAC, CGPHI, CGPIO, CGRGV, CGRRN, CGSAN, CGSNE, CGSTL, CGSTR, CGTIM, CGTNK, CGTUL, CGVOL, CGWAS, CGWTX, CGZIG, PRIAT, USA11, USA3G, USA88, USAAT, USABS, USACC, USACG, USACN, USADC, USAEC, USAEU, USAHL, USAMF, USAPB, USAPL",AT&T,United States,"310 560, 310 680, 310 070, 310 170, 310 280, 310 150, 310 410, 310 380, 310 030, 311 160, 313 100"
18255,"AAZAT, MEXAT, MEXIU, MEXK8, MEXK9, MEXN3, MEXNC",AT&T Mexico (Nextel-Iusacell),Mexico,"334 090, 334 040, 334 050, 334 070, 901 44"
88002,USAAW,AWC (Alaska Wireless),United States,310 190
18461,"AFGAW, AFGK8",AWCC (Afghan Wireless Communication),Afghanistan,412 01
145601,"THAK9, THAWN",AWN,Thailand,520 03
18639,"BGDAK, BGDK9",Axiata (Aktel),Bangladesh,470 02
18699,IDNLT,Axis,Indonesia,510 08
18335,"AZEAC, AZENT",Azercell,Azerbaidjan,"400 06, 400 01"
18339,"AZEAF, AZEK9",Azerfon,Azerbaidjan,"400 04, 901 36"
18591,"TJKBM, TJKK7",Babilon-M,Tadjikistan,436 04
18337,"AZEBC, AZEK8",Bakcell,Azerbaidjan,400 02
81902,BGDBL,Banglalink (Orascom Telecom),Bangladesh,470 03
101,"BELK9, BELKO",Base (KPN),Belgium,206 20
18577,"BHRB2, BHRBT, BHRK8",Batelco,Bahrain,"426 05, 426 01"
17130,RUSKH,BaykalWestCom,Russian Federation,250 12
87302,TKMBC,BCTI (MTS),Turkmenistan,438 01
176501,"BHSK7, BHSNC",Be Aliv (NewCo2015 Limited),Bahamas,364 49
67702,,Beeline Center SR,Russian Federation,
69702,,Beeline Central Chernozem SR,Russian Federation,
69802,,Beeline Far East SR,Russian Federation,
69902,,Beeline North-West SR,Russian Federation,
70002,,Beeline Siberia SR,Russian Federation,
70102,,Beeline South SR,Russian Federation,
70202,,Beeline Ural SR,Russian Federation,
70302,,Beeline Volga SR,Russian Federation,
17861,"BLRBT, BLRK8",Belarusian Telecommunications (life:)),Belarus,257 04
1398,BELTB,Belgacom (Proximus),Belgium,206 01
19073,"BLZ67, BLZK9",Belize Telemedia,Belize,702 67
18137,"CANBM, CANK9, CANMM",Bell Mobility,Canada,"302 610, 302 880, 302 690"
172301,"SLBBM, SLBK8",Bemobile,Solomon Islands,540 02
159802,"BMUBD, BMUK9, BMUNI",Bermuda Digital Comm.  (CellularOne),Bermuda,350 000
89902,"LKAAT, LKAK6",Bharti Airtel Lanka,Sri Lanka,413 05
17625,"BIHK8, BIHPT",BH Telecom,Bosnia and Herzegovina,218 90
190501,BELBX,BICS,Belgium,206 28
12191,"LVABT, LVAK9",Bite Latvia,Latvia,247 05
11500,"LTUK9, LTUMT",Bite Lithuania,Lithuania,246 02
394501,USABG,Bluegrass Wireless,United States,311 810
164002,"ASMAS, ASMK9",Blue Sky,American Samoa,544 110
283702,"WSMGS, WSMK9",Blue Sky Samoa,Samoa,549 27
90502,"BTNBM, BTNK9",B-Mobile,Bhutan,402 11
90602,"BRNBR, BRNFT, BRNK9",B-Mobile Brunei,Brunei Darussalam,528 02
90402,"PNGK9, PNGPM",BMobile Limited,Papua New Guinea,537 01
137701,TZAYA,Bol,Tanzania,640 08
863,"F00F3, FRAF3, FRAK7, LUXBT",Bouygues,France,"208 88, 208 20, 270 07"
494302,"CANEL, CANK7",Bragg Communications,Canada,302 270
1362,"BRABT, BRAK7",Brasil Telecom,Brazil,724 16
18417,"INDAP, INDAS, INDBH, INDCA, INDCH, INDGJ, INDHP, INDHR, INDJK, INDKR, INDKT, INDMH, INDMY, INDNE, INDOR, INDPB, INDRJ, INDTN, INDUE, INDUW, INDWB",BSNL,India,"404 74, 404 80, 404 51, 404 53, 404 54, 404 55, 404 57, 404 58, 404 59, 404 62, 404 64, 404 66, 404 71, 404 72, 404 73, 404 75, 404 76, 404 77, 404 81, 404 38, 404 34"
12389,"BHSBH, BHSK8",BTC Bahamas,Bahamas,364 39
164202,"BWABC, BWAK8",BTC (beMOBILE),Botswana,652 04
159902,"USABT, USAK1",Bug Tussel Wireless,United States,311 330
90702,UZB01,Buztel,Uzbekistan,434 01
18319,"AIACW, AIAK9",Cable & Wireless Anguilla,Anguilla,365 840
18297,"BRBCW, BRBK9",Cable & Wireless Barbados,Barbados,342 600
18299,"ATGCW, ATGK9",Cable & Wireless Caribbean Cellular,Antigua and Barbuda,344 920
18295,"CYMCW, CYMK9",Cable & Wireless Cayman Islands,Cayman Islands,346 140
18321,"DMACW, DMAK9",Cable & Wireless Dominica,Dominica,"366 011, 366 110"
18305,"GRDCW, GRDK9",Cable & Wireless Grenada,Grenada,352 110
18257,"JAMCW, JAMK9",Cable & Wireless Jamaica,Jamaica,"338 018, 338 180"
90902,"MSRCW, MSRK9",Cable & Wireless Montserrat,Montserrat,354 860
19083,"PANCW, PANK8",Cable & Wireless Panama,Panama,714 01
85902,"SYCCW, SYCK9",Cable & Wireless Seychelles,Seychelles,633 01
18307,"KNACW, KNAK9",Cable & Wireless St. Kitts,Saint Kitts and Nevis,356 110
18309,"LCACW, LCAK9",Cable & Wireless St. Lucia,Saint Lucia,358 110
18311,"VCTCW, VCTK9",Cable & Wireless St. Vincent,Saint Vincent and the Grenadines,360 110
18329,"TCACW, TCAK9",Cable & Wireless Turks,Turks and Caicos Islands,376 350
90802,GBRCA,Cable & Wireless UK,United Kingdom,"234 07, 235 92"
18301,"VGBCW, VGBK9",Cable & Wireless West Indies,Virgin Islands (British),348 170
395902,"KHMCC, KHMFT, KHMK8",CadComms,Cambodia,456 04
84102,KHMSH,Camshin (Cambodia Shinawatra - Mfone),Cambodia,456 18
160102,USACR,Caprock Cellular,United States,310 830
18303,"VGBCC, VGBK8",Caribbean Cellular Telephone,Virgin Islands (British),"348 570, 348 057"
17649302,USA1E,Carolina West Wireless,United States,310 130
8249102,THACT,CAT Telecom,Thailand,520 00
19165,"AAAWL, AAM21",C-Cell (Seanet Maritime Communications),Sweden,901 21
18323,CUB01,C_Com Cubacel,Cuba,368 01
18651,"MYSCC, MYSK8, MYSK9, MYSMR",Celcom,Malaysia,"502 19, 502 13"
86702,"ZAFCC, ZAFK9",Cell C,South Africa,655 07
14526,"ANTV9, ISRCL, ISRHC, ISRK9",Cellcom,Israel,"425 15, 425 29, 425 02"
91002,"GIN07, GINCL",Cellcom Guinea,Guinea,611 05
19181,"GUYGT, GUYK8",Cellink Plus (Guyana Telephone and Telegraph),Guyana,738 002
19061,"NAM03, NAMK9",Cell One (Leo),Namibia,649 03
18785,"MUSCP, MUSK9",Cellplus Mobile,Mauritius,617 01
164602,"USAK5, USASB",Cellular One,United States,310 320
14247,,Cellular One East Texas,United States,
151802,"USACH, USAT1",Cellular One (MTPCS),United States,"310 390, 310 570"
160002,USACP,Cellular Properties (Cellular One of East Central Illinois),United States,311 190
18813,,Celtel Congo (Zain) (depricated),Congo,
84802,"NERCT, NERK8",Celtel Niger (Zain),Niger,614 02
18977,"TZACT, TZAK5",Celtel Tanzania,Tanzania,640 05
80102,"HND02, HNDK7",Celtel (Telefonica),Honduras,708 02
19017,"ZMBCE, ZMBK7",Celtel Zambia (Zain),Zambia,645 01
11498,,Centennial Wireless,United States,
14528,"CHNCM, CHNCT, CHNMM , CHNTD",China Mobile,China,"460 07, 460 13, 460 00, 460 02"
192701,"CHNDX, CHNK7",China Telecom,China,460 11
18625,"CHNCC, CHNCN, CHNCU, CHNK8, CHNK9",China Unicom,China,"460 01, 460 06, 460 09"
131601,"MRTCH, MRTK7",Chinguitel,Mauritania,609 02
164702,"USA63, USAKD, USAKX",Choice Wireless,United States,310 630
18629,"TWNK3, TWNLD",Chunghwa Telecom Mobile,Taiwan,466 92
16782,USACB,Cincinnati Bell Wireless,United States,310 420
187702,PANCL,Claro,Panama,714 03
1438,ARGCM,Claro Argentina,Argentina,722 310
19107,BRACL,Claro Brazil,Brazil,724 05
19139,CHLSM,Claro Chile,Chile,730 03
119601,"CRICL, CRIK9",Claro CR,Costa Rica,712 03
75902,DOMCL,Claro Dominicana,Dominican Republic,370 02
19099,PERTM,Claro Peru,Peru,716 10
86502,URYAM,Claro Uruguay (AM Wireless),Uruguay,748 10
142101,"GBRC9, GBRK1",Cloud 9,United Kingdom,234 18
85002,PAKPL,CMPak (Zong),Pakistan,410 04
19141,"COLCO, COLK8, COLK9, COLTI",Colombia Móvil,Colombia,"732 103, 732 111, 732 165"
12189,"COLK5, COLTM",Colombia Telefonica,Colombia,"732 154, 732 123"
82402,"COLCM, COLK6",Comcel Columbia,Colombia,732 101
91202,HTICL,Comcel Haiti,Haiti,372 01
18787,"LBRCM, LBRK8",Comium,Liberia,618 04
190302,GMBCM,Comium Gambia,Gambia,607 03
190402,CIVCM,Comium Ivory Coast,Ivory Coast,612 04
85702,SLECM,Comium Sierra Leone,Sierra Leone,619 04
12869,"USACD, USACO, USAG2, USAGV, USAK6",Commnet Wireless,United States,"310 330, 311 040, 311 320, 312 370, 313 640"
179702,COMHR,Comores Telecom,Comoro,654 01
79702,"GTMCM, GTMK8",Comunicaciones Celulares (Comcel),Guatemala,704 02
91302,ECUPG,Conecel,Ecuador,740 01
141701,"CODK5, CODOR",Congo Chine Telecom,"Congo, The Democratic Republic of the",630 86
153802,"USAC5, USACA",Cordova Wireless,United States,311 240
16784,USAU1,Corr Wireless,United States,310 080
87502,UZB05,Coscom (TM Ucell),Uzbekistan,434 05
947,"GR0CO, GRCCO, GRCK7",Cosmote,Greece,202 01
943,,CSL Hong-Kong,Hong Kong,
189802,"STPK9, STPST",CSTmovel - Sao Tome & Principe,Saint Tome and Principe,626 01
163902,USAMO,CTC Telecom,United States,311 500
12149,USAWC,C T Cube (West Central Wireless),United States,310 180
80602,"SLVK9, SLVTP",CTE Telecom Personal (Claro),El Salvador,706 01
18619,MACCT,CTM,Macau,455 01
195702,GIBCS,CTS,Gibraltar,266 06
129601,LIECT,Cubic Telecom,Liechtenstein,295 06
195902,PHLTA,CURE,Philippines,515 18
18805,"CPVCV, CPVK8",CVMovel,Cape Verde,625 01
197802,,Cyfrowy Polsat,Poland,
17923,"CYPCT, CYPK8",Cyprus Telecommunications (Cytamobile-Vodafone),Cyprus,280 01
77702,"GLPDT, GLPK9",Dauphin (Amigo),Guadeloupe,340 08
18645,"MDV01, MDVK8", Dhivehi Raajjeyge Gulhun Public Limited Company (Dhiraagu),Maldives,472 01
18469,"LKADG, LKAK7",Dialog Telekom (MTN),Sri Lanka,413 02
18649,MYSMT,DiGi,Malaysia,502 16
129,"JAMDC, JAMK8",Digicel,Jamaica,338 050
19379,AIAZZ,Digicel Anguilla,Anguilla,
19381,ATGZZ,Digicel Antigua,Antigua and Barbuda,
18315,ABWDC,Digicel Aruba,Aruba,363 02
19383,BRBDC,Digicel Barbados,Barbados,342 750
19385,BMUZZ,Digicel Bermuda,Bermuda,
19413,BONDC,Digicel Bonaire,Netherlands Antilles,
19387,"VGBDC, VGBZZ",Digicel British Virgin Islands,Virgin Islands (British),348 770
19389,CYMZZ,Digicel Caymen Islands,Cayman Islands,
11502,ANTCT,Digicel Curacao Telecom,Netherlands Antilles,362 69
19391,DMAZZ,Digicel Dominica,Dominica,
19077,SLVDC,Digicel El Salvador,El Salvador,706 02
136002,"FJIDP, FJIFT, FJIK8",Digicel Fiji,Fiji,542 02
14367,FRAF4,Digicel French West Indies,French Southern Territories,340 20
19393,,Digicel Grenada,Grenada,
19149,"GUYK9, GUYUM",Digicel Guyana (Cel Star - U mobile),Guyana,738 01
19395,"HTIDC, HTIXX, HTIZZ",Digicel Haiti,Haiti,
80002,"HNDDC, HNDK9",Digicel  Honduras,Honduras,708 040
80302,"PANDC, PANK9",Digicel Panama,Panama,714 04
91102,"PNGDP, PNGK8",Digicel Papua New Guinea,Papua New Guinea,537 03
19397,"WSMDP, WSMK8",Digicel Samoa,Samoa,549 00
19399,,Digicel St. Kitts,Saint Kitts and Nevis,
19401,LCAZZ,Digicel St. Lucia,Saint Lucia,
19411,ANTDC,Digicel St. Marteen,Netherlands Antilles,
19403,VCTZZ,Digicel St. Vincent,Saint Vincent and the Grenadines,
85802,"SURDC, SURK9",Digicel Suriname,Suriname,746 03
86002,"TONDP, TONK9",Digicel Tonga,Tonga,539 88
11496,TTODL,Digicel Trinidad & Tobago,Trinidad and Tobago,374 130
19405,TCAZZ,Digicel Turks and Caicos,Turks and Caicos Islands,
91402,"VUTDP, VUTK9",Digicel Vanuatu,Vanuatu,541 05
188501,HUND1,Digi Mobile,Hungary,216 03
18709,PHLDG,Digitel,Philippines,515 05
19143,"VEN01, VEND2, VEND3, VENK7",Digitel Venezuela,Venezuela,734 02
91502,"DJIDJ, DJIK9",Djibouti Telecom,Djibouti,638 01
17817,"FIN2G, FINK6, FINK7, FINTA",DNA,Finland,"244 12, 244 03, 244 36, 244 13"
82902,"GUMDP, GUMHT, GUMK8, GUMK9",Docomo Pacific,Guam,"310 470, 310 370"
177802,CANDM,Dryden Mobility,Canada,302 380
91602,"BRNBN, BRNDS, BRNK8, BRNTB, BRNUN",DST Communications,Brunei Darussalam,"528 11, 528 03, 528 01"
18711,THAWP,DTAC (Total Access Communication),Thailand,520 18
149601,"THADT, THAK8",DTAC (TriNet),Thailand,520 05
18553,"AREDU, AREK9",du,United Arab Emirates,424 03
17917,"ALBEM, ALBK9",Eagle Mobile,Albania,276 03
506302,GIBSH,Eazi Telecom,Gibraltar,266 09
91702,LSOET,Econet Telecom Lesotho,Lesotho,651 02
86802,"ZWEET, ZWEK8",Econet Wireless,Zimbabwe,648 04
163702,"BDIET, BDIK6",Econet Wireless Burundi,Burundi,642 01
143,"GB0HM, GBROR",EE (OUK),United Kingdom,234 33
133,"GB0ME, GBRK8, GBRME",EE (TMUK),United Kingdom,"234 71, 234 30"
17821,"RUSEC, RUSK8",Ekaterinburg-2000 (Motiv),Russian Federation,250 35
105,"EE0RE, ESTK8, ESTRE",Elisa Estonia,Estonia,248 02
103,"FINES, FINK8, FINK9, FINRL, SF0RL",Elisa Finland,Finland,"244 05, 244 21"
629702,"LUXEL, LUXKP",E-Lux,Luxembourg,270 81
180501,"EMNDE, EMNLI",Emnify,Germany,"295 09, 901 43"
18597,JPNEM,eMobile,Japan,
80202,"NICEN, NICK9, NICSC",Empresa (Enitel - Claro - Sercom),Nicaragua,"710 21, 710 73"
13885,"EE0EM, ESTEM, ESTK9",EMT,Estonia,248 01
84702,MUSEM,Emtel,Mauritius,617 10
19147,BOLME,Entel Bolivia,Bolivia,736 02
19135,"CHLK9, CHLMV, CHLPC",Entel PCS,Chile,730 01
19097,"PERK9, PERN3, PERNC",Entel Peru (Nextel Peru),Peru,716 17
13151,"CYPK9, CYPSC",Epic (MTN),Cyprus,280 10
164802,USAET,Epic Touch,United States,310 610
95,,E-Plus (depricated),Germany,
12828,POL02,Era,Poland,260 02
3649102,RUSGU,Era-Glonass,Russian Federation,250 77
16049302,ERIER,EriTel,Eritrea,657 01
91802,"BIHER, BIHK7",Eronet,Bosnia and Herzegovina,218 03
84002,KENEC,Essar Telecom Kenya,Kenya,639 05
18937,ETH01,Ethio Telecom (ETMTN),Ethiopia,636 01
18555,"AFG55, ARETC, UAETC",Etisalat,United Arab Emirates,424 02
193902,AFGEA,Etisalat Afghanistan,Afghanistan,412 50
91902,BEN02,Etisalat Bénin (Moov),Benin,616 02
171702,"INDAH, INDBR, INDGU, INDHY, INDKA, INDKE, INDMA, INDMD, INDMU, INDND, INDPE, INDPN, INDPW, INDRS, INDTC",Etisalat India,India,"405 913, 405 916, 405 915, 405 923, 405 920, 405 930, 405 914, 405 918, 405 931, 405 919, 405 921, 405 922, 405 917, 405 912, 405 924"
84302,,Etisalat Lanka (Private) Limited (Tigo - Celtel),Sri Lanka,
18743,EGYEM,Etisalat MISR,Egypt,602 03
16770,RUSSC,ETK (Yeniseitelecom),Russian Federation,250 05
92002,"LAOET, LAOK7",ETL Mobile,Laos,457 02
647002,USAEZ,Evolve Cellular,United States,310 990
113601,CANET,Execulink Telecom,Canada,302 340
176601,POLEZ,EZ Phone Mobile,Poland,260 41
18635,"TWNFE, TWNK7, TWNK8, TWNKG",Far EasTone (KG Telecom),Taiwan,"466 88, 466 01"
18055,FROFT,Faroese Telecom,Faroe Islands,288 01
1651302,IRQFL,Fastlink,Iraq,418 66
14249102,CHEFS,Fink Telecom,Switzerland,"228 63, 240 63"
121,"CANGW, CANK5",Freedom Mobile (Wind),Canada,302 490
115601,"FRAF5, FRAFM, FRAK8",Free Mobile,France,"208 16, 208 15"
89,"FSMFM, FSMK9, FSMTU",FSMTC,Micronesia,"550 01, 553 01"
92102,"GMB01, GMBK9",Gamcel,Gambia,607 01
15649302,"GBRGA, GBRK3",Gamma Telecom,United Kingdom,234 39
646902,SSDGM,Gemtel Green Network,South Sudan,659 03
17901,"GIBGT, GIBK6",GibTel,Gibraltar,"214 10, 266 01"
197902,AAQGN,Global Networks,Antarctica,901 13
17615,FRAGS,Globalstar,France,208 05
89702,RUSGS,GlobalTel,Russian Federation,250 21
147601,,Globecomm,United States,
18705,"PHLGT, PHLIC, PHLK9",Globe Telecom,Philippines,515 02
13395,"NGAGM, NGAK7",Glo Mobile,Nigeria,621 50
92202,BENGM,Glomobile Benin,Benin,616 05
3,"GHAGM, GHAK9",Glo Mobile Ghana,Ghana,620 07
186501,NLDVT,GloTell BV,Netherlands,204 17
1650402,,GMobile,Georgia,282 09
164001,"MNGGM, MNGK8",G-Mobile,Mongolia,428 06
632202,"ISRGT, ISRK4",Golan Telecom,Israel,425 08
87402,UKRGT,Golden Telecom,Ukraine,255 05
574802,SOMGT,Golis Telecom,Somalia,637 30
562302,,Gotanet,Sweden,240 17
18637,BGDGP,Grameenphone,Bangladesh,470 01
1851602,USAGW,Great North Woods Wireless,United States,312 710
389702,CIVOR,Green Network,Ivory Coast,612 06
92302,"VNMBL, VNMK5",GTEL Mobile (Beeline),Vietnam,452 07
17777,"SWEHU, SWEK9",Hi3G Access,Sweden,"240 02, 240 04"
17739,"DNKHU, DNKK9",Hi3G Denmark,Denmark,238 06
193802,GNQHT,Hits,Equatorial Guinea,627 03
18617,"HKGK3, HKGK4, HKGK8, HKGK9, HKGM3, HKGMC, HKGNW, HKGTC",HKT (Hong Kong Telecommunications),Hong Kong,"454 19, 454 16, 454 00, 454 09, 454 02, 454 18, 454 10"
1650902,DEUHN,HNS Telecom,Germany,262 23
19153,PRYVX,Hola Paraguay,Paraguay,744 01
14249202,CHEHO,Horisen AG,Switzerland,228 48
9449202,SOMHI,Hormuud,Somalia,"637 20, 637 50"
83802,"ISRK5, ISRK6, ISRMC, ISRMS",Hot Mobile (MiRS),Israel,425 07
17627,"HRVCN, HRVK9",Hrvatski Telekom (T-Mobile),Croatia,219 01
17699,"AUTCA, AUTHU, AUTK6, AUTK7",Hutchison 3G Austria,Austria,"232 05, 232 10"
137,"GBRHU, GBRK7",Hutchison 3G UK Limited,United Kingdom,234 20
18657,"AUSHS, AUSHU, AUSK9",Hutchison 3G (Vodafone),Australia,505 06
101702,"LKACT, LKAHT, LKAK5, LKAK8",Hutchison Telecom Lanka (Pvt) Ltd,Sri Lanka,"413 09, 413 03, 413 08"
18607,"HK0HT, HKGH3, HKGHT, HKGK6, HKGK7 ",Hutchison Telephone,Hong Kong,"454 03, 454 04"
19081,"CRICE, CRICR",ICE,Costa Rica,712 01
643202,NORIC,Ice Communications Norge,Norway,242 14
524302,ISLIC,iCell,Iceland,274 07
153601,"CANIW, CANK8",Ice Wireless,Canada,302 620
99701,SURIC,ICMS,Suriname,746 01
18377,"IND07, INDAM, INDBI, INDBO, INDEH, INDEK, INDEU, INDIB, INDID, INDIE, INDIH, INDIJ, INDIK, INDIM, INDIO, INDIR, INDIT, INDIU, INDIW, INDLA, INDLB, INDLC, INDLD, INDLE, INDLF, INDLG, INDLH, INDLI, INDLJ, INDLK, INDLL, INDLM, INDLN, INDLO, INDLP, INDLQ, INDLR, INDLS, INDLT, INDLU, INDLV, INDMP, INDSK, INDSP",IDEA Cellular,India,"404 07, 404 24, 404 89, 404 87, 404 82, 404 04, 404 78, 404 12, 404 14, 404 44, 404 19, 404 22, 404 56, 405 849, 405 845, 405 848, 405 850, 405 70, 405 853, 405 799, 405 846, 405 852"
1651402,"ITAFM, ITAK8",Iliad Italia,Italy,222 50
13843,"USAIN, USAK0",Indigo Wireless,United States,311 030
18695,"IDNIM, IDNK7, IDNK8, IDNSL",Indostat,Indonesia,"510 01, 510 21"
165801,SWEIB,Infobip,Sweden,240 23
1394501,"USAXA, USAXC",Inland Cellular,United States,313 820
166201,INXIX,Inmarsat Plc (Satellite Only),United Kingdom,901 11
174401,USAVI,Innovative Wireless,United States,311 470
92502,CHEIP,in&phone,Switzerland,228 07
12589,USAIW,Iowa Wireless,United States,310 770
14449102,"K0001, K00K8",IPKO,Kosovo,221 02
99601,USA66,Iridium,United States,901 03
190702,TCAIC,Islandcom (ICOM),Turks and Caicos Islands,"376 36, 376 360"
165702,USAMI,iSmart Mobile,United States,310 300
195802,,Iusacell (depricated),Mexico,
127,"INTJS, USAJS",Jasper,United States,"310 650, 901 16"
19167,PSEJE,Jawwal (Palestine Telecomm),Palestinian Territory,425 05
17701,"GB0JT, GBRJT",JT-Wave,Jersey,"234 50, 234 072, 901 057"
165902,USAKT,Kaplan Telephone,United States,310 870
164902,"ARMK9, ARMKT",Karabakh Telecom,Armenia,283 04
18341,"KAZK8, KAZKT",KaR-Tel,Kazakhstan,401 01
87202,"KAZK6, KAZKZ",K'Cell,Kazakhstan,401 02
109601,"JPNK8, JPNK9, JPNKD, JPNKI",KDDI Corp.,Japan,"440 54, 440 50, 440 52, 440 51, 441 10"
632302,CANKO,Keewaytinook Okimakanak,Canada,
83702,"IRQK5, IRQKK",Korek Telecom,Iraq,418 40
12626,"NL0PT, NLDK6, NLDK7, NLDPT, NLDTM, NLDXX",KPN,Netherlands,"204 08, 204 06, 204 12"
18541,"KWTK9, KWTKT",KTC Viva (Kuwait Telecom Company),Kuwait,419 04
18017,"ARM05, ARMK7",K Telecom,Armenia,283 05
18601,"KORK8, KORKF, KORKT",KTF (Freetel),Korea (South),450 08
11494,UKRKS,Kyvistar,Ukraine,255 03
137601,"BDIK8, BDIL1",Lacell Su,Burundi,642 07
15175,"LV0LM, LVALM",Latvian Mobile Telephone (LMT),Latvia,247 01
151601,"KORK9, KORLU",LG+,Korea (South),450 06
163601,BENLI,Libercom,Benin,616 01
82802,"GAB01, GABK8, GABK9, GABTL",Libertis,Gabon,"628 02, 628 01"
564302,IRLIE,Liberty Global,Ireland,272 15
570502,"HUNUM, HUNUP",Liberty Global Hungary,Hungary,216 71
190802,"LBYK9, LBYLM",Libyana Mobile Phone,Libya,606 00
17857,"UKRAS, UKRK9",life:) (Astelit),Ukraine,255 06
166301,GBRLI,Limitless,United Kingdom,234 53
1368,"AAZLM, USACW, USAJ9, USALS, USALT, USALW",Limitless (PCM - Immix),United States,"310 069, 310 690, 310 340, 311 600, 312 180, 901 66"
92702,"LBRLC, LBRN1",Lonestar Cell,Liberia,618 01
12197,USASX,Long Lines,United States,311 090
18419,INDB1,Loop Mobile,India,404 21
201802,"LAOK8, LAOTC",LTC,Laos,457 01
174301,BELLM,Lycamobile,Belgium,206 06
645702,CANLM,Lynx,Canada,302 560
17977,"GEOK9, GEOMA",Magticom,Georgia,282 02
14406,"H00H2, HUNH2",Magyar Telekom (T-Mobile),Hungary,216 30
123601,"MUSMT, MUSN1",Mahangar Telephone,Mauritius,617 03
103702,USAMP,Maine PCS,United States,311 720
84502,"MLI01, MLIK9",Malitel,Mali,610 01
17737,"AAZZZ, GB0MT, GBRK2, GBRMT",Manx Telecom,Isle of Man,"234 58, 901 52"
18175,"SHIPS, USARB",Manx Telecom USA,United States,"310 720, 310 090, 310 055"
18755,"MARK9, MARM1, MORM1",Maroc Telecom (IAM),Morocco,604 01
19065,"BWAGA, BWAK9",Mascom Botswana,Botswana,652 01
92902,"MRTK9, MRTMT",Mattel,Mauritania,609 01
92802,"MRTK8, MRTMM",Mauritel Mobiles,Mauritania,609 10
845902,BGRMT,Max,Bulgaria,284 13
18647,"MYSBC, MYSK6, MYSSD",Maxis,Malaysia,502 12
169802,USAQ1,MBO Wireless (Cross Wireless),United States,311 140
17905,"P00TM, PRTEP, PRTK9, PRTTM",Meo (TMN),Portugal,"268 80, 268 06"
11491,"IRLK7, IRLME",Meteor,Ireland,272 03
135902,"KHMK5, KHMVC, KHMVT",Metfone (Viettel),Cambodia,"452 06, 456 08"
86102,"TZAK8, TZAMB",MIC (Tigo - Mobitel),Tanzania,640 02
100001,"USAGT, USAMT",Mid-Texas Cellular,United States,311 000
794501,"USABB, USABL, USAMH",Midwest Network Solutions,United States,"311 070, 311 700, 312 570, 312 810, 313 070"
93002,"TCDK9, TCDML",Millicom Tchad (MIC),Chad,622 03
159702,"USACV, USAM5, USAUL",Missouri RSA,United States,"311 010, 311 020, 312 220"
18583,"MNGK9, MNGMC",MobiCom,Mongolia,428 99
99002,"VNMK7, VNMMO",Mobifone,Vietnam,452 01
14251,"NORK9, NORNN, NORT2",Mobile Norway (Network),Norway,"242 04, 242 05"
18719,"SGPK9, SGPM1",MobileOne,Singapore,525 03
12629,"RUS01, RUSK7",Mobile TeleSystems,Russian Federation,250 01
17859,"BLR02, BLRK9",Mobile TeleSystems Belarus,Belarus,257 02
12067,CANDW,Mobilicity,Canada,302 320
18751,DZAA1,Mobilis,Algeria,603 01
18547,"SAUET, SAULB",Mobily,Saudi Arabia,"420 06, 420 060, 420 03"
18747,"EGYAR, EGYK9",Mobinil,Egypt,602 01
1440,"MLTGO, MLTK9",MobIsle (Go Mobile),Malta,278 21
18621,"KHMGM, KHMK2",Mobitel Cambodia (CamGSM),Cambodia,456 01
18467,"LKA71, LKAK9",Mobitel Sri Lanka,Sri Lanka,413 01
17895,"MDAK9, MDAMC",Moldcell,Moldavia,259 02
605002,"MDAK8, MDAUN",Moldtelecom,Moldavia,259 05
17617,"AAMK7, AAMOM, MCOK8, MCOK9, MCOM1, MCOM2, MCOM3",Monaco Telecom,Monaco,"212 01, 212 10, 212 02, 901 27"
375702,AGOMV,Movicel,Angola,631 04
141802,VENMV,Movilnet,Venezuela,734 06
19103,"ARG01, ARGTM",Movistar Argentina,Argentina,"722 07, 722 010"
19137,"CHLB2, CHLK5, CHLK6, CHLTM",Movistar Chile,Chile,"730 07, 730 02"
16768,CRITC,Movistar Costa Rica,Costa Rica,712 04
19085,PANMS,Movistar Panama,Panama,"714 020, 714 02"
2,"MEXK6, MEXMS, USAFI",Movistar (Pegaso),Mexico,"334 03, 334 030"
19095,PERMO,Movistar Peru,Peru,716 06
79802,,Movistar (Telefonica Móviles Guatemala),Guatemala,704 30
19157,URYTM,Movistar Uruguay,Uruguay,748 07
556302,"MOZK9, MOZVG, MOZVT",Movitel,Mozambique,643 03
399702,"MMRFT, MMRK5, MMRPT",MPT Myanmar Post and Telecom,Myanmar,414 01
19059,"NAM01, NAMK8",MTC,Namibia,649 01
18473,"LBNK9, LBNLC",MTC-Touch (MIC 2),Lebanon,415 03
17623,"BIHK9, BIHMS",m:tel,Bosnia and Herzegovina,218 05
18135,"MNEK8, MNEMT",m:tel Montenegro,Montenegro,297 03
18797,NGA40,M-tel (Nigerian Mobile Telecom),Nigeria,621 40
90202,"GINAG, GINK8",MTN Areeba Guinea (Spacetel),Guinea,611 04
18495,SYRSP,MTN Areeba Syria (Spacetel),Syria,417 02
18801,CMRMT,MTN Cameroon,Cameroon,624 01
93702,"COGLB, COGN1",MTN Congo (Libertis Telecom),Congo,629 10
18779,"CIVN1, CIVTL",MTN Côte d’Ivoire,Ivory Coast,612 05
196302,"IRNAP, IRNMI",MTN Irancell,Iran,"432 02, 432 35"
83002,"INDDL, INDKS, INDMB",MTNL Dolphin,India,"404 69, 404 68"
12831,"NGACA, NGAK8, NGAMN",MTN Nigeria,Nigeria,621 30
18935,RWAMN,MTN Rwanda,Rwanda,635 10
19071,"ZA0MN, ZAFMM, ZAFMN",MTN South Africa,South Africa,"655 12, 655 10, 655 122"
305802,SSDMN,MTN South Sudan,Sudan,659 02
93802,"SDNBT, SDNN1",MTN Sudan,Sudan,634 02
86402,"UGAMN, UGAN1",MTN Uganda,Uganda,641 10
190902,"ZMB02, ZMBN1",MTN Zambia,Zambia,645 02
510302,"MTX01, MTX02",MTX,Luxembourg,"270 02, 901 39"
127601,"HTIHT, HTIK9, HTIVT",Natcom,Haiti,372 03
199802,SOMNL,Nation Link,Somalia,637 60
16772,RUS03,NCC (Nizhegorodskaya Cellular Communications),Russian Federation,250 03
96002,NPLM2,Ncell (Spice),Nepal,429 02
18585,NPLNM,Nepal Doorsanchar Company (Telecom),Nepal,429 01
165802,USANP,NEP Wireless,United States,310 290
184501,USA55,NetGenuity,United States,312 630
19057,ZWEN1,Net One,Zimbabwe,648 01
154102,"USA1L, USACL, USAK2, USAK3, USANW",NewCore Wireless,United States,"310 460, 311 530, 312 260"
151801,,New Dimension,United States,"311 680, 311 380"
192601,USA6G,Nex-Tech Wireless,United States,312 420
81702,ARGNC,Nextel Argentina,Argentina,722 02
19105,"BRAKA, BRAN3, BRANC",Nextel Brazil,Brazil,"724 39, 724 00"
93902,PHLNC,Nextel Philippines,Philippines,515 88
189702,NFKNT,Norfolk Telecom,Norfolk Island,505 10
329702,"USANF, USANZ",Northeast Wireless,United States,"311 710, 312 920"
94002,"ISLK9, ISLNO",Nova,Iceland,274 11
131901,RUSNO,Novgorod Telecom ,Russian Federation,250 19
6249102,USAC2,Nsight Spectrum,United States,"310 620, 311 840"
163901,MHLMI,NTA (National Telecom Authority),Marshall Islands,551 01
16774,RUS16,NTC (New Telephone Company),Russian Federation,250 16
18595,JPNDO,NTT Docomo,Japan,440 10
85302,"PRYK9, PRYNP",Núcleo (Personal),Paraguay,744 05
82102,BOLNT,NuevaTel (Viva),Bolivia,736 01
137702,"KGZK8, KGZNT",NUR Telecom,Kyrgyzstan,"437 10, 437 09"
949,"DK0TD, DNKTD, NORTD, SWETD",Nuuday (TDC),Denmark,"238 01, 240 14, 242 08"
1400,IRLLT,O2 Ireland,Ireland,
135,"GB0CN, GBRCN, GBRCO",O2 UK (Telefonica),United Kingdom,"234 02, 234 10"
177902,"CANCL, JAMCL",Oceanic Digital (Claro),Jamaica,338 070
14043,"BRAK0, BRATM",Oi,Brazil,724 31
1366,"RUSK5, RUSNW",OJSC MegaFon Russia,Russian Federation,250 02
84902,OMNNT,Omani Qatari (Ooredoo),Oman,422 03
18551,"OMNGT, OMNK9",Oman Mobile,Oman,422 02
629602,"FRAOT, FRAVM",Omea,France,208 23
81802,"BFAK8, BFAON",Onatel (Telmob),Burkina Faso,613 01
82702,"FRAK6, FRATK",Onati (Vini),French Southern Territories,547 20
12195,"MKDCC, MKDK7",One (Cosmofon),Macedonia,294 02
552302,"MMRK9, MMROM",Ooredoo,Myanmar,414 05
121601,"PSEFT, PSEK9, PSEWM",Ooredoo Palestine (Wataniya),Palestinian Territory,425 06
181702,"NCLK5, NCLPT",OPT,New Caledonia,546 01
9849302,"USAFU, USAOP",OptimERA Inc.,United States,313 380
18749,DZAOT, Optimum Telecom Algeria Spa (Orascom/Djezzy),Algeria,603 02
11451,"P00OP, PRTK8, PRTOP",Optimus (Sonaecom),Portugal,268 03
18653,AUSOP,Optus,Australia,505 02
17897,POL03,Orange,Poland,"260 34, 260 03"
197702,"ARM10, ARMK5, ARMOR",Orange Armenia (UCOM),Armenia,283 10
107,A00CA,Orange Austria (One),Austria,
94302,"GNB03, GNBK9",Orange Bissau,Guinea Bissau,632 03
82202,BWAVC,Orange Botswana,Botswana,652 02
18781,"BFACT, BFAK7",Orange Burkina Faso,Burkina Faso,613 02
18803,CMR02,Orange Cameroon,Cameroon,624 02
18259,"GLP01, GLP02",Orange Caraïbes,Guadeloupe,340 01
18789,LBR07,Orange (Cellcom),Liberia,618 07
198002,"CAF03, CAFK9",Orange Centrafrique,Central African Republic,623 03
18777,CIV03,Orange Côte d’Ivoire,Ivory Coast,612 03
94202,GNQ01,Orange Equatorial Guinea,Equatorial Guinea,627 01
12109,"AAZOR, F00F1, FRAF1",Orange France,France,"208 02, 208 01, 901 31"
94402,"GINGS, GINK9",Orange Guinee,Guinea,611 01
83902,JORMC,Orange Jordan,Jordan,416 77
17907,LUXVM,Orange Luxembourg,Luxembourg,270 99
94602,"MDGAN, MDGK8",Orange Madagascar,Madagascar,646 02
18763,"MLI02, MLIK8",Orange (Mali),Mali,610 02
18753,MARMT,Orange Maroc (Médi Telecom),Morocco,604 00
17537,BELMO,Orange (Mobistar),Belgium,206 10
191102,NEROR,Orange Niger,Niger,614 04
14486,"ISR01, ISRK8",Orange (Partner),Israel,"425 28, 425 01"
94702,"REU02, REUK9",Orange Réunion (Orange Mayotte),Reunion,647 00
17663,"ROMK5, ROMMR",Orange Romania,Romania,226 10
17695,SVKGT,Orange Slovakia,Slovak Republic,231 01
85602,"SENAZ, SENK9",Orange (Sonatel - Alize),Senegal,608 01
191002,"TUNK5, TUNOR",Orange Tunisia,Tunisia,605 01
94802,"UGAK5, UGAOR",Orange Uganda,Uganda,641 14
17863,MDAVX,Orange (Voxtel),Moldavia,259 01
18791,"SLECT, SLEK8",Orange (Zain Celtel  Airtel),Sierra Leone,619 01
19151,ECUOT,Otecel Sociedad Anonima (Telefonica Moviles),Ecuador,740 00
9649202,USAOT,OTZ Telecommunications,United States,311 560
79902,"GUF01, GUFK9",Outremer Telecom,French Guiana,340 02
103601,"REUFM, REUOT",Outremer Telecom Reunion Island,Reunion,"647 03, 647 02"
17899,POLP4,P4,Poland,260 06
147701,"PYFK9, PYFVF",Pacific Mobile Telecom,French Southern Territories,547 15
18455,"PAKK7, PAKMK, PAKWA",Pakistan Mobile (Jazz/Mobilink/Warid),Pakistan,"410 07, 410 01"
85102,"PAKK8, PAKUF",Pak Telecom (Ufone),Pakistan,410 03
133601,PLW3G,Palau Mobile,Palau,552 88
18741,PLWPM,Palau National Comm Corp (PNCC),Palau,552 80
18575,"ISRK7, ISRPL",Pelephone,Israel,425 03
18615,"HK0PP, HKGPP",Peoples (China Mobile Hong Kong),Hong Kong,"454 12, 454 30, 454 13"
164302,USAOW,Phoenix Communications,United States,310 540
14449,USAPC,Pine Cellular,United States,311 080
12829,USANM,Plateau Wireless,United States,310 100
213702,"ALBK7, ALBM4",Plus Communications,Albania,276 04
202002,"PLWK8, PLWPC",PNCC Wireless,Palau,552 01
11531,"POLCP, POLK9, POLKM",Polkomtel,Poland,"260 12, 260 01"
141801,CYPPT,PrimeTel,Cyprus,280 20
554402,NLDPM,Private Mobility,Netherlands,204 24
17535,NLDPR,Prorail,Netherlands,204 21
166101,"USAPJ, USAPR",Proximiti ,United States,540 311
165601,PRIOM,PR Wireless,Puerto Rico,330 120
14166,"LUXK9, LUXPT",P&T,Luxembourg,270 01
201902,"GUMIW, MNPPT, USAGU",PTI Pacifica,Northern Mariana Islands,"310 032, 310 110"
80402,PRICL,Puerto Rico Telephone Company (Claro),Puerto Rico,"330 110, 330 011"
173702,"USAKZ, USAPU",Pulse Mobile,Guam,310 140
190202,GMBQC,QCell,Gambia,607 04
10449102,SLEQC,QCell Sierra Leone,Sierra Leone,619 07
18581,"QATK8, QATQT",Qtel (Qatar-Telecom),Qatar,427 01
12229,MEXTL,Radiomóvil Dipsa (Telcel),Mexico,334 020
16249102,JPNRM,Rakuten Mobile,Japan,440 11
142001,"ROM05, ROMK8",RCS & RDS,Romania,226 05
639802,"INDJ1, INDJ2, INDJ3, INDJ4, INDJ5, INDJ6, INDJ7, INDJ8, INDJ9, INDJL, INDJM, INDJN, INDJO, INDJP, INDJQ, INDJR, INDJS, INDJT, INDJU, INDJV, INDJW, INDJX, INDP1, INDP2, INDP3, INDP4, INDP5, INDP6, INDP7, INDP8, INDP9, INDPL, INDPM, INDPO, INDPP, INDPQ, INDPR, INDPS, INDPT, INDPU, INDPV, INDPX, INDPY, INDPZ",Reliance Jio Infocomm,India,"405 874, 405 870, 405 840, 405 854, 405 856, 405 871, 405 872, 405 873, 405 857, 405 858, 405 859, 405 860, 405 861, 405 862, 405 863, 405 864, 405 865, 405 866, 405 867, 405 868, 405 869, 405 855"
18421,"INDR0, INDR1, INDR2, INDR3, INDR4, INDR5, INDR6, INDR7, INDR8, INDRA, INDRB, INDRD, INDRG, INDRH, INDRK, INDRM, INDRN, INDRO, INDRP, INDRR, INDRT, INDRW",Reliance Telecom,India,"404 52, 404 50, 404 83, 404 18, 404 36, 404 09, 404 67, 404 85, 405 13, 405 06, 405 15, 405 05, 405 09, 405 01, 405 10, 405 20, 405 11, 405 22, 405 19, 405 18, 405 07, 405 21"
161601,"IRNK9, IRNST, IRNTT",Rightel,Iran,"432 01, 432 20"
12111,"CANMC, CANRM, CANRW, CG025, CG026, CG027",Rogers Wireless,Canada,"302 037, 302 820, 302 370, 302 720"
18463,"AFGK9, AFGTD",Roshan (TDAC),Afghanistan,412 20
16776,"RUS17, RUSUT",Rostelecom (Uralsvyazinform),Russian Federation,"250 17, 250 39"
86602,YEMSA,Sabafon,Yemen,421 01
18941,"KENK8, KENSA",Safaricom,Kenya,"639 01, 639 02"
18761,"SENK8, SENSG",Saga Africa Holding Limited,Senegal,608 02
151901,USANT,Sagebrush Cellular,United States,312 480
11534,"LIEK9, LIEVE",SALT (Orange Liechtenstein),Liechtenstein,295 02
151,"CHEK6, CHEOR",Salt Switzerland (Orange),Switzerland,"228 03, 228 60"
15298,SMOSM,San Marino Telecom,San Marino,292 01
196102,"CANK4, CANSM, CANST",SaskTel,Canada,"302 780, 302 750"
18795,"GHAN1, GHASC",Scancom (MTN),Ghana,620 01
19079,"HNDK8, HNDME",Servicios de Comunicaciones de Honduras (Claro),Honduras,708 001
18317,"ABWK9, ABWSE",Setar,Aruba,"362 78, 363 01"
1402,"F00F2, FRA09, FRAF2, FRAK4, FRAK9",SFR,France,"208 11, 208 13, 208 09, 208 08, 208 10"
170301,"AAZ24, AAZ27, AAZ29, AAZN1",Sierra Wireless,France,"208 24, 208 03, 240 20"
17975,"GEOGC, GEOK7",Silknet JSC (Geocell),Georgia,282 01
17913,"AAMK8, AAMOW, IS0PS, ISLK6, ISLK7, ISLOC, ISLPS, ISLTA",Siminn (On-Waves),Iceland,"274 12, 274 08, 274 01"
11571,,Simmetry Communications,United States,
18717,"SGPML, SGPST",SingTel,Singapore,"525 01, 525 02"
19163,"CHEK4, CHEOA",SITA OnAir Switzerland (OnMarine),Switzerland,901 15
18599,KORSK,SK Telecom,Korea (South),450 05
18593,"KGZ01, KGZK9",Sky Mobile (Beeline),Kyrgyzstan,437 01
646002,MNGSK,Skytel,Mongolia,428 01
6649102,"GBRK4, GBRKY",Sky UK Limited,United Kingdom,234 57
154002,USASO,SLO (San Luis Obispo Cellular),United States,311 260
14253,"SVKET, SVKK9",Slovak Telekom (T-Mobile),Slovak Republic,231 02
92402,"KHMK4, KHMK6, KHML1, KHMSM",Smart Axiata (Hello) ,Cambodia,"456 02, 456 05, 456 06"
18707,"PHLK6, PHLSR",Smart Communications,Philippines,515 03
18703,"IDNM8, IDNST",Smartfren (PT Mobile-8 Telekom),Indonesia,"510 28, 510 09"
18623,KHMSC,Smart Mobile,Cambodia,
18609,"HK0SM, HKGK5, HKGSM",SmarTone Hong Kong,Hong Kong,"454 06, 454 17, 454 15"
101601,"MACK9, MACSM",SmarTone Macau,Macau,455 00
1850302,NPLST,Smart Telecom,Nepal,429 04
556602,CHE01,SMS Relay,Switzerland,228 56
14446,JPNJP,Softbank (Vodafone JPhone),Japan,"440 20, 440 00, 440 05"
183702,"SLBK9, SLBSI",Solomon Telekom,Solomon Islands,540 01
18939,SOMSF,Somafone,Somalia,637 04
131801,SOMST,Somtel,Somalia,637 71
149,"FINTF, SF0FT, SF0TF",Sonera Mobile Operations,Finland,244 91
86902,"KHMK3, KHMST",Sotelco (Beeline),Cambodia,456 09
95902,"GIN02, GUI02",Sotelgui,Guinea,611 02
163801,"KHM3A, KHMK1",South East Asia Telecom ,Cambodia,456 11
18049302,USASL,Southern Linc,United States,312 720
18783,BENSP,Spacetel (Benin),Benin,616 03
107601,GNBSB,Spacetel Guinea Bissau (MTN),Guinea Bissau,632 02
18549,YEMSP,Spacetel (MTN),Yemen,421 02
642302,BLZSC,Speednet,Belize,702 69
189902,SPM01,SPM Telecom,Saint Pierre and Miquelon,"308 090, 308 01"
18215,"USA44, USANC, USASV",Sprint Nextel,United States,"311 882, 312 530, 316 010"
19055,"FRARE, REURE",SRR Réunion,Reunion,647 10
1849602,RUSKT,Standart,Russian Federation,250 34
18721,"SGPK8, SGPMM, SGPSH",StarHub Mobile,Singapore,"525 05, 525 08"
92602,"LAOAS, LAOK9", Stars Telecom (LAT),Laos,457 03
8049102,,Strata Networks,,
7649102,"USASN, USASS",Strata Networks (Uintah Basin),United States,"312 290, 312 430"
1849502,RUS33,STS,Russian Federation,250 33
125601,"SENEX, SENK7",Sudan Telecom Co. (Expresso),Senegal,608 03
131701,"SDNK8, SDNTL",Sudan Telecommunications (Sudatel),Sudan,634 07
19407,,SunCom Wireless Puerto Rico,Puerto Rico,
19409,,SunCom Wireless St Croix - St John - St Thomas,Virgin Islands (USA),
97,"CHEDX, CHEK7",Sunrise,Switzerland,228 02
17735,"AAM26, AAMK6, GB0GT, GBRG1, GBRGT, GBRK6",Sure Guernsey (Cable & Wireless Guernsey),Guernsey,234 55
111601,"SHNCW, SHNK9",Sure South Atlantic (Cable & Wireless),Ascension Island,658 01
175702,FLKCW,Sure South Atlantic Falkland Islands  (Cable & Wireless),Falkland Islands,750 001
137801,"UGAK6, UGASU",Sure Telecom,Uganda,641 18
163701,SVKSW,Swan,Slovak Republic,231 03
9449102,SWZ02,Swazi Mobile,Swaziland,653 02
19067,SWZMN,Swazi MTN,Swaziland,653 10
17665,"CH0C1, CHEC1",Swisscom,Switzerland,"228 54, 228 01"
1358,"LIE01, LIEC1, LIEFL",Swisscom (Switzerland),Liechtenstein,295 01
95802,SYR01,SyriaTel,Syria,417 01
193702,"SVNK7, SVNT2",T-2,Slovenia,293 64
96102,TJK91,Tacom (Beeline),Tadjikistan,436 05
18631,"TWNK6, TWNPC, TWNTA, TWNTM",Taiwan Mobile,Taiwan,"466 93, 466 97"
18627,"TWNK9, TWNTG",Taiwan Star Telecom (Vibo),Taiwan,466 89
96202,IRNRI,Taliya (Rafsanjan),Iran,432 32
95702,USAPE,Tampnet (Broadpoint),United States,311 170
1651902,"AAMT1, AAMT2",Tampnet - International Waters,United States,"242 099, 311 171"
111,"LUXN1, LUXTG",Tango Tele2,Luxembourg,270 77
135702,"BTNK8, BTNTC",TashiCell,Bhutan,402 77
167702,"INDT0, INDT1, INDT2, INDT3, INDT4, INDT5, INDT6, INDT7, INDT8, INDT9, INDTB, INDTD, INDTG, INDTH, INDTK, INDTM, INDTO, INDTP, INDTR, INDYY",Tata Docomo,India,"405 029, 405 041, 405 031, 405 037, 405 030, 405 039, 405 038, 405 044, 405 035, 405 042, 405 025, 405 034, 405 032, 405 027, 405 036, 405 043, 405 047, 405 045, 405 046"
199702,"TON01, TONK8",TCC,Tonga,539 01
18633,"TJK01, TJKIT, TJKK8, TJKK9",TCell,Tadjikistan,"436 01, 436 02"
18587,IRN11,TCI (MCI),Iran,432 11
556502,,Telafrica,South Africa,655 25
105601,USATA,TelAlaska Cellular,United States,311 740
97702,"NERK9, NERTL",Telcel (Atlantique Telecom Niger),Niger,614 03
18313,"ANTK9, ANTTC",Telcell,Netherlands Antilles,362 51
97802,"TGOK9, TGOTL",Telcel (Moov Togo),Togo,615 03
16764,HRVT2,Tele2,Croatia,219 02
117,"EE0RB, ESTRB",Tele2 Estonia,Estonia,248 03
123,LVABC,Tele2 Latvia,Latvia,247 02
125,LTU03,Tele2 Lithuania,Lithuania,246 03
528502,NLDT1,Tele2 Mobile,Netherlands,204 02
87102,"KAZ77, KAZK9",Tele2 (Neo),Kazakhstan,401 77
903,"RUSK1, RUST2",Tele2 Russia,Russian Federation,250 20
119,"S00IQ, SWEIQ, SWESM",Tele2 Sweden,Sweden,"240 24, 240 10, 240 07"
96302,CHET2,Tele2 Switzerland,Switzerland,228 08
98002,"CAF02, CAFK7",Telecel Centrafrique,Central African Republic,623 02
97902,BFATL,Telecel Faso,Burkina Faso,613 03
99702,,Telecel Gabon,Gabon,
18775,GIN03,Telecel Guinee,Guinea,611 03
194601,MLI03,Telecel Mali,Mali,610 03
98102,"ZWEK9, ZWEN3",Telecel Zimbabwe,Zimbabwe,648 03
1194501,TELA1,Telecom26 AG (International Waters),Switzerland,901 46
191202,"COKK9, COKTC",Telecom Cook Islands,Cook Islands,548 01
2449302,EGYTE,Telecom Egypt,Egypt,602 04
153,"ITAK9, ITASI",Telecom Italia (TIM),Italy,"222 01, 222 53, 222 49, 222 34"
1850002,ITAGT,Telecom Italia (TIM) Maritime,Italy,901 26
19021,"MDGK9, MDGTM",Telecom Malagasy (Telma),Madagascar,646 04
14083,"LIEMK, LIESO",Telecom (Mobilkom),Liechtenstein,"295 10, 295 05"
18817,"SURK7, SURTG",Telecommunications Company Suriname (Telesur),Suriname,746 02
194501,"MMRK7, MMRVG",Telecom Myanmar (Mytel),Myanmar,414 09
139702,"NZLK8, NZLTM",Telecom New Zealand,New Zealand,530 05
19101,"ARGK8, ARGK9, ARGTP, ARGVO",Telecom Personal,Argentina,"722 360, 722 368, 722 341, 722 361, 722 36, 722 34"
151701,"VUT01, VUTFT, VUTK8",Telecom Vanuatu Limited (TVL SMILE),Vanuatu,541 01
574602,,Teleena,Netherlands,204 07
147,"D00E1, D00E2, DEUE1, DEUE2, DEUO2",Telefonica Germany (EPlus & O2),Germany,"262 03, 262 07"
1410,"E00TE, ESPT2, ESPTE",Telefonica Moviles Spain,Spain,"214 07, 214 05"
19145,VENMS,Telefonica Moviles Venezuela,Venezuela,734 04
80702,SLVTS,Telefonica (Movistar El Salvador),El Salvador,"706 040, 706 004"
905,NICMS,Telefonica (Movistar Nicaragua),Nicaragua,"710 300, 710 030"
16780,"SVKK8, SVKO2",Telefónica O2,Slovak Republic,231 06
13031,"CZEET, CZEK8",Telefonica (O2) Czech Republic,Czech Republic,230 02
85402,"PRYK8, PRYTC",Telefónica Paraguay (Telecel),Paraguay,744 04
135802,"BOLK9, BOLTE",Telefonica (Telecel),Bolivia,736 03
18095,"GRLK9, GRLTG",Tele Greenland,Greenland,290 01
14085,"ALBAM, ALBK8",Telekom Albania (AMC),Albania,276 01
12909,"ROMCS, ROMK9",Telekom Romania (Cosmote),Romania,"226 06, 226 03"
12269,"K00IP, SVNK8, SVNMT",Telekom Slovenije (Mobitel),Slovenia,293 41
17633,"MNE03, YUGK8, YUGTS",Telekom Srbija,Serbia and Montenegro,220 03
80802,USANE,Telemetrix (Tracy - Convey),United States,310 740
80502,"SLVK8, SLVTM",Telemovil (Tigo),El Salvador,706 03
155701,"BELN1, BELTN",Telenet,Belgium,206 05
18019,BGRCM,Telenor (Globul),Bulgaria,284 05
17815,NORMC,Telenor Maritime (MCP),Norway,901 12
554302,"MMRK8, MMRTN",Telenor Myanmar,Myanmar,414 06
1406,"N00TM, NORTM",Telenor Norway,Norway,242 01
18457,"PAKK9, PAKTP",Telenor Pakistan,Pakistan,410 06
99,"H00H1, HUNH1, HUNK9",Telenor (Pannon),Hungary,216 01
17631,"MNEK7, MNEPM, YUGPM",Telenor (Promonte),Montenegro,297 01
17629,"YUGK7, YUGMT",Telenor (Serbia),Serbia and Montenegro,220 01
109,"DK0DM, DNKDM, DNKT2",Telenor (Sonofon),Denmark,"238 77, 238 02, 238 66"
113,"AAZTC, S00EP, SWECN, SWEEP, SWETG",Telenor Sweden,Sweden,"240 08, 240 06, 240 42, 901 29"
190002,SOM01,Telesom,Somalia,637 01
82002,BGDTT,Teletalk Bangladesh,Bangladesh,470 04
19075,"GTMK9, GTMSC, GTMTG",Telgua (Sercom - Claro),Guatemala,"704 001, 704 003"
17775,"S00TR, SWETR",Telia Company (Sonera),Sweden,"240 01, 240 05"
17741,"DK0IA, DK0MX, DNKIA, DNKMX",Telia Denmark,Denmark,238 20
17819,"LTUK8, LTUOM",Telia Lietuva (Omnitel),Lithuania,"246 91, 246 01"
945,"N00NC, NORK7, NORNC",Telia Norge (Netcom),Norway,242 02
178501,"PNGK7, PNGTM",Telikom,Papua New Guinea,537 02
135601,"ZAFJT, ZAFK8, ZAFOD, ZAFTM",Telkom,South Africa,"655 05, 655 02"
143601,TLSTC,Telkomcel,East Timor,514 01
94502,"KENK9, KENTK",Telkom Kenya (Orange Kenya),Kenya,"639 14, 639 07"
18697,IDNTS,Telkomsel,Indonesia,510 10
164402,"USAKS, USATL",Telna (Telecom North America Mobile),United States,310 840
137901,AUSXX,Telstra for billing only,,
13315,AUSTA,Telstra MobileNet,Australia,"505 01, 505 72, 505 71"
75802,"CANTE, CANTS",Telus,Canada,"302 221, 302 760, 302 220"
154202,USATN,TerreStar Networks,United States,311 620
164502,USAXT,Texas RSA,United States,310 950
19159,ARETH,Thuraya Telecom,United Arab Emirates,901 05
19177,,tiGO (Millicom Ghana),Ghana,
94102,"CODK8, CODSA",tiGO (Oasis),"Congo, The Democratic Republic of the",630 89
305702,"RWAK9, RWATG",Tigo Rwanda,Rwanda,"635 13, 635 017"
907,"BRACS, BRAK1, BRAK2, BRAK3, BRAPS, BRARN, BRASP",TIM,Brazil,"724 02, 724 99, 724 03, 724 04"
98302,"TLSK9, TLSTL",Timor Telecom,East Timor,514 02
646602,NLTSM,Tismi Mobile,Netherlands,204 28
98402,IRNKI,TKC,Iran,432 14
19015,MOZ01,Tmcel (Moçambique Celular),Mozambique,643 01
1,"USA16, USA27, USA31, USA58, USAD1, USAKA, USAKB, USAKC, USAKI, USAKL, USAKM, USAKN, USAKO, USAKP, USAKQ, USAKR, USASC, USAST, USAW0, USAW1, USAW2, USAW3, USAW4, USAW5, USAW6",T-Mobile,United States,"310 160, 310 240, 310 250, 310 270, 310 310, 310 580, 310 660, 310 800, 310 490, 310 026, 310 049, 310 016, 310 024, 310 025, 310 027, 310 031, 310 260, 310 022, 310 023, 310 200"
17697,"AUTAT, AUTK4, AUTK8, AUTK9, AUTMM, AUTTR",T-Mobile Austria,Austria,"232 03, 232 13, 232 07"
12469,"CZEK9, CZERM",T-Mobile Czech,Czech Republic,230 01
15297,"AAZK8, AAZTD, D00D1, DEUD1, DEUK9",T-Mobile DE,Germany,"262 01, 901 40"
18099,"MKDK8, MKDMM",T-Mobile Macedonia,Macedonia,294 01
17655,YUGTM,T-Mobile (Monet),Serbia and Montenegro,220 04
88102,"MNEK9, MNETM",T-Mobile Montenegro,Montenegro,297 02
1408,"NLDDT, NLDK8, NLDK9, NLDPN",T-Mobile NL,Netherlands,"204 20, 204 16"
165901,"RUS27, RUSK3, RUSN7",TMT LLC,Russian Federation,250 27
323702,"TKM02, TKMAA, TKMK8",TM TM Cell,Turkmenistan,"438 02, 439 02"
98202,"MWICP, MWIK9",TNM (Telekom Networks Malawi),Malawi,650 01
18807,"TGOK8, TGOTC",Togo Telecom (Cell),Togo,"267 01, 615 01"
5049302,"THAK6, THATC",TOT Thailand,Thailand,520 15
994501,SGPT1,TPG Telecom,Singapore,525 10
93102,LAOTL,TPlus Digital (Tigo),Laos,457 08
550302,"AAZTR, FRATR",Transatel,France,"208 22, 901 037"
141901,CZETT,Travel Telek,Czech Republic,230 05
76002,DOMAC,Trilogy Dominicana,Dominican Republic,370 04
190102,"UKRK6, UKRUT",Trimob (Utel),Ukraine,255 07
99801,TZATR,Tritel,Tanzania,640 01
18713,"THACA, THACO",True Move,Thailand,"520 99, 520 04"
556402,GBRTR,Truphone,United Kingdom,234 25
1364,USASP,TSI PUBLIC USA,United States,"310 120, 311 870, 311 490"
18327,"TTO12, TTOK9",TSTT,Trinidad and Tobago,374 12
82502,"CPVK9, CPVTM",T+ Telecomunicações,Cape Verde,625 02
98502,TJKTT,TT Mobile (MLT),Tadjikistan,436 03
94902,"TUNK9, TUNTA",Tunisiana (Orascom),Tunisia,605 03
18757,"TUNLM, TUNTT",Tunisie Telecom,Tunisia,"605 08, 605 06, 605 02"
115,"TR0TC, TURTC, TURTK",Turkcell,Turkey,286 01
12749,"TR0Y0, TURAC, TURIS, TURK8, TURK9",Turk Telecom (Avea),Turkey,"286 04, 286 03"
18097,"SVNK9, SVNVG",Tusmobil,Slovenia,293 70
18737,"NZLK9, NZLNH, NZLTI",Two Degrees Mobile,New Zealand,530 24
98602,"BDIK7, BDITL",UCOM  Burundi,Burundi,642 82
86302,"UGAK8, UGALM, UGATL",Uganda Telecom,Uganda,641 11
18477,"JORK9, JORUM",Umniah,Jordan,416 03
137802,"MYSK7, MYSMI",uMobile,Malaysia,502 18
190602,"INDEA, INDEB, INDEE, INDEN, INDEO, INDEW, INDHN, INDMM, INDMW, INDNH, INDNJ, INDNP, INDNR, INDNW, INDSA, INDTA, INDTT, INDUB, INDUD, INDUK, INDUT, INDWG, INDWM",Uninor,India,"405 813, 405 926, 405 815, 405 816, 405 817, 405 818, 405 819, 405 820, 405 821, 405 822, 405 844, 405 875, 405 876, 405 877, 405 879, 405 880, 405 925, 405 927, 405 928, 405 929, 405 878, 405 814"
12833,"USA23, USAK8, USAUN",Union Telephone,United States,"310 002, 310 020"
196202,SURUQ,Uniqa,Suriname,
18815,"AGOK9, AGOUT",Unitel Angola,Angola,631 02
18589,UZBDU,Unitel (Beeline),Uzbekistan,434 04
98702,"MNGK7, MNGMN",Unitel Mongolia,Mongolia,428 88
646302,"STPK8, STPUT",Unitel STP,Saint Tome and Principe,626 02
87602,"UZB07, UZBK8", Universal Mobile Systems (Uzdunrobita),Uzbekistan,434 07
1851102,BELML,Unleashed,Belgium,206 30
574502,"NLDUP, NLDZI",UPC (Liberty Global),Netherlands,204 18
1850802,"CHEPT, CHEUC, CHEUP",UPC Switzerland,Switzerland,228 53
98802,"UKRK7, UKRRS",URS (Beeline),Ukraine,255 02
132001,"GABAZ, GABK5",USAN,Gabon,628 04
169702,"USAUC, USAUD",US Cellular,United States,"310 730, 311 580"
99901,"ANTK8, ANTUT",UTS N.V. (Setel),Netherlands Antilles,"340 03, 356 07, 362 91"
632602,"UZB00, UZBK7",Uzbektelecom,Uzbekistan,434 08
98902,UZBUM,Uzmacom,Uzbekistan,434 02
1851902,USAVC,Vanu-Coverage,United States,312 060
13883,BLRMD,Velcom (Mobilkom),Belarus,257 01
87002,"ARM01, ARMK8",Veon (Armentel),Armenia,283 01
18015,"GEOK8, GEOMT",Veon Georgia (Mobitel),Georgia,282 04
91,"USAFC, USAK4, USAKU, USAVM, USAVZ, USAWA, USAWW",Verizon (Alltel - Rural),United States,"310 890, 310 590, 311 480, 311 270"
594501,USAVT,Vermont Telephone Company,United States,311 990
13071,"USACI, USAJ7",Viaero,United States,310 450
75702,"CANK6, CANVT",Videotron,Canada,"302 520, 302 500"
190502,"VNMK9, VNMVM",Vietnamobile (Hanoi Telecom),Vietnam,452 05
574702,"PERK8, PERVG, PERVT",Viettel,Peru,716 15
192501,"BDIK5, BDIVG, BDIVT",Viettel Burundi,Burundi,642 08
18605,"LAOLA, VNMK8, VNMVT",Viettel Mobile,Vietnam,452 04
588302,"CMRK9, CMRVG, CMRVT",Viettel (Nexttel),Cameroon,624 04
1649702,"TZAK6, TZAVG, TZAVT",Viettel Tanzania,Tanzania,640 09
1651002,"TLSK8, TLSVG, TLSVT",Viettel Timor,East Timor,514 03
87902,"ISLK8, ISLMS, ISLVW",Viking Wireless (IMC),Iceland,"274 04, 901 42"
12549,"RUS28, RUSBD, RUSK6, RUSSS, RUSST",Vimpelcom (Beeline),Russian Federation,"250 47, 250 99"
13355,"SRBK9, SRBNO",VipMobile (Mobilkom),Serbia and Montenegro,"220 05, 220 09, 220 11"
15649402,PYFVT,VITI SAS,Polynesia (French),547 05
163802,BHRST,Viva Bahrain,Bahrain,426 04
132201,SSDVC,Vivacell (Networks of the World),South Sudan,659 04
99202,SDNCV,Vivacell Sudan,Sudan,634 05
13111,BGRVA,Vivacom (Vivatel),Bulgaria,284 03
12709,"BRAK4, BRAK5, BRAK6, BRAK9, BRATC, BRAV1, BRAV2, BRAV3",Vivo,Brazil,"724 06, 724 10, 724 19, 724 23, 724 28, 724 11"
18603,"VNMK6, VNMVI",VNPT (Vinaphone),Vietnam,452 02
19069,"ZA0VC, ZAFM1, ZAFVC",Vodacom,South Africa,655 01
82302,"CODK6, CODVC",Vodacom Congo,"Congo, The Democratic Republic of the",630 01
99102,"LSOK9, LSOVL",Vodacom Lesotho,Lesotho,651 01
84602,MOZVC,Vodacom Mozambique,Mozambique,643 04
86202,"TZAM1, TZAVC",Vodacom Tanzania,Tanzania,640 04
17495,"GR0PF, GRCCT, GRCM1, GRCPF",Vodafone,Greece,"202 14, 202 05"
87702,"ALBM1, ALBVF",Vodafone Albania,Albania,276 02
18655,"AUSK8, AUSVF",Vodafone Australia,Australia,505 03
17667,"CZECM, CZEM1",Vodafone Czech Republic,Czech Republic,230 03
1360,"D00D2, DEU42, DEU43, DEUD2, DEUMV",Vodafone D2,Germany,"262 02, 262 42, 262 43"
18745,"EGYK8, EGYMS, EGYVF",Vodafone Egypt,Egypt,602 02
18057,FROKA,Vodafone Faroe Islands,Faroe Islands,288 02
18739,"FJIK9, FJIVF",Vodafone Fiji,Fiji,542 01
18793,"GHAGT, GHAM1",Vodafone Ghana (ONEtouch),Ghana,620 02
12628,"HUNM1, HUNVR",Vodafone Hungary,Hungary,216 70
17915,"IS0TL, ISL03, ISLTL",Vodafone Iceland,Iceland,274 02
18415,"INDBK, INDBM, INDBT, INDCC, INDE1, INDE5, INDE6, INDE7, INDF1, INDHA, INDHM",Vodafone India,India,"404 11, 404 46, 404 20, 404 43, 404 27, 404 05, 404 30"
17909,"IRLEC, IRLM1",Vodafone Ireland,Ireland,272 01
17919,"MLTM1, MLTTL",Vodafone Malta,Malta,278 01
1849802,"AAZK9, AAZVF",Vodafone Malta M2M,Malta,901 28
1849902,MLTMA,Vodafone Malta Maritime,Malta,901 19
17855,"UKRK5, UKRUM",Vodafone (MTS),Ukraine,255 01
18735,"NZLBS, NZLM1",Vodafone New Zealand,New Zealand,530 01
14246,"NLDLT, NLDM1",Vodafone NL,Netherlands,204 04
17657,"I00OM, ITAM1, ITAOM",Vodafone Omnitel,Italy,222 10
17903,"P00TL, PRTM1, PRTTL",Vodafone Portugal,Portugal,268 01
185702,"QATB1, QATK9",Vodafone Qatar,Qatar,427 02
17661,"ROMM1, ROMMF",Vodafone Romania,Romania,226 01
865,"E00AT, ESPAT, ESPM1, ESPM2, ESPON, ESPVV",Vodafone Spain,Spain,"214 18, 214 06, 214 01"
93,"TR0TS, TURM1, TURTS, TURVK",Vodafone (Tel SIM),Turkey,286 02
176401,UGAAA,Vodafone Uganda,Uganda,641 06
141,"GB0VF, GBRM1, GBRVB, GBRVF",Vodafone UK,United Kingdom,"234 15, 234 08"
639902,,Voiceworks,Netherlands,204 03
165701,"RUS84, RUSK4",V-Tell,Russian Federation,250 48
518302,"CHLK7, CHLVT",VTR Movil,Chile,730 08
137902,"MARK8, MARM3",Wana,Morocco,604 02
18459,,Warid Telecom,Pakistan,
141702,"UGAK9, UGAWT",Warid Telecom (Uganda),Uganda,641 22
18543,KWTNM,Wataniya Telecom,Kuwait,419 03
82602,DZAWT,Wataniya Telecom Algerie,Algeria,603 03
18643,"MDVK9, MDVWM",Wataniya Telecom Maldives,Maldives,472 02
201702,GUMWR,Wave Runner,Guam,310 400
641802,MYSP1,webe,Malaysia,"502 011, 502 153"
164102,USAHM,Westlink,United States,
117601,CANWT,Wightman Telecom,Canada,302 940
166002,USAWK,Wilkes Cellular,United States,311 150
1849702,RUS82,WIN,Russian Federation,250 32
17659,, Wind (H3G),Italy,
17497,"GR0SH, GRCK8, GRCK9, GRCQT, GRCSH",Wind Hellas Telecom,Greece,"202 10, 202 09"
87,"I00WI, ITAH3, ITAWI",Wind Tre S.p.A. ,Italy,"222 99, 222 88"
1852602,ZAF38,Wireless Business Solutions,South Africa,655 38
159601,,Wireless Maingate,Sweden,240 15
107701,"BMU01, PDN01",WMS GSM (AT&T),United States,901 018
117701,"CHLK8, CHLN3, CHLNC",WOM (Nextel Chile),Chile,730 09
157601,MLTWF,Worldfone,Malta,"204 807, 278 11"
18701,IDNEX,XL (Excelcom),Indonesia,510 11
18475,JORXT,XPress,Jordan,416 02
17621,ESPXF,Yoigo,Spain,"214 23, 214 04"
317702,YEMYY,Y Telecom,Yemen,421 04
8249202,MYSYC,YTL Communications,Malaysia,502 152
18479,"JORFL, JORK8",Zain,Jordan,416 01
18579,"BHRK9, BHRMV",Zain BH,Bahrain,426 02
18979,"UGACE, UGAK7",Zain (Celtel Uganda),Uganda,641 01
18535,"IRQAT, IRQK7, IRQK8, IRQOR",Zain IQ,Iraq,"418 30, 418 20"
18539,"KT0MT, KWTK8, KWTMT",Zain Kuwait,Kuwait,419 02
19063,"MW001, MWI01, MWICT, MWIK8",Zain Malawi,Malawi,650 10
85502,"SAUK9, SAUZN",Zain Saudi Arabia,Saudi Arabia,420 04
121701,"SSDK8, SSDZS",Zain SS,South Sudan,659 06
18895,"SDNK9, SUDMO",Zain Sudan (Mobitel),Sudan,634 01
18799,"TCDCT, TCDK8",Zain Tchad (Celtel),Chad,622 01
139601,"ZMBCZ, ZMBK8",Zamtel,Zambia,645 03
18975,"TZAK9, TZAZN",Zanzibar Telecom,Tanzania,640 03
16778,"RUS07, RUS54",Zao Smarts (PJSC Smarts),Russian Federation,"250 54, 250 07"
9649102,REUMZ,Zeop Mobile,Reunion,647 04
